UID,Check
1706055447,True
4139573838,True
9490246171,True
8268432526,True
9414746306,True
1434305288,True
5896478566,True
3246547818,True
6318785273,True
7993709877,True
3682419241,True
4964396180,True
1801019421,True
1911344933,True
8392413038,True
5682843890,True
3345362614,True
5978965050,True
4159239088,True
5342660791,True
9482146181,True
9420187735,True
6316309662,True
8238339751,True
6321124536,True
7547279500,True
7689247513,True
7859303831,True
7961394207,True
4743362909,True
7532364762,True
3926210620,True
8811309692,True
8758385358,True
8021259513,True
3520973748,True
1424573051,True
7553945374,True
3772550384,True
7948445064,True
6888217426,True
9265338641,True
2547053484,True
2821292360,True
9644894637,True
6856248809,True
3430475479,True
7018258868,True
2988900789,True
9655853282,True
6879388970,True
3997781855,True
7405837126,True
5707797113,True
3227362161,True
6452562272,True
3390222853,True
7296470144,True
7262450880,True
2086072523,True
9637700114,True
3719449435,True
2680168206,True
2927027397,True
4203743705,True
5156436627,True
9884104176,True
4872101011,True
9725869706,True
2462627676,True
3034097158,True
6371488062,True
2209893581,True
7750466257,True
8747311754,True
3740123660,True
3512404215,True
2696373360,True
8200162348,True
6070207508,True
1973280223,True
6917398346,True
3318919333,True
6768726223,True
4448373615,True
4980730925,True
2229147083,True
8096740074,True
7372655220,True
3114488640,True
7710765624,True
1452003823,True
4047852803,True
8725040466,True
9632434735,True
4149463509,True
7983855748,True
9137423696,True
9050682724,True
7147097799,True
4568402566,True
4855404788,True
8614510595,True
7454031282,True
4030377172,True
4388186068,True
7193935934,True
4263657332,True
5843695395,True
6613477527,True
4917435952,True
1211871130,True
3467850909,True
4943305252,True
8658511442,True
7461109741,True
1976491769,True
1215781871,True
8893823321,True
7867207958,True
8977028003,True
5633579320,True
9349685546,True
1437948068,True
7100154421,True
8995349183,True
2783684810,True
3413815667,True
3236890921,True
9813288579,True
5043413219,True
2219643505,True
8550004124,True
6847539522,True
6684088427,True
2562729349,True
8300255794,True
1088263056,True
1669859413,True
5600400633,True
4771288075,True
9417243442,True
7557483133,True
5724317846,True
4111899912,True
7165466355,True
5391716007,True
1113100182,True
5814970686,True
7580449655,True
6042084191,True
6456099123,True
2048728550,True
2754429138,True
1874211152,True
6552470152,True
9032030497,True
4180965891,True
9260809828,True
2718991660,True
1112228430,True
8913953884,True
9573286235,True
4521125726,True
9587855736,True
8231278303,True
4742155387,True
3086429150,True
3640476218,True
3723927145,True
4766479770,True
4226817262,True
5103642384,True
9656023323,True
9548365114,True
4574888667,True
4097479598,True
3568630879,True
3686882691,True
5191907483,True
7370000429,True
3211803337,True
4187620903,True
5580733953,True
5351267827,True
4522910415,True
2521615407,True
5021132369,True
5180348533,True
2821814759,True
9857270939,True
7873039387,True
1369315807,True
8186119056,True
3553085790,True
9928830422,True
4096463064,True
7590386848,True
6217018883,True
8514117962,True
9560773997,True
8498564536,True
5188742026,True
3469636603,True
3662909435,True
6979415996,True
8761141038,True
5178952486,True
9273915711,True
2052821978,True
3672204884,True
6006570615,True
5571379139,True
8958450341,True
6958328327,True
8669143490,True
4240132813,True
1948792153,True
5485261688,True
5074559963,True
7930334805,True
3793366042,True
8479086871,True
9074714214,True
3808852705,True
5205763666,True
8083023534,True
4371646201,True
1422476349,True
8853225251,True
9868590481,True
7257649975,True
5874772964,True
9678372377,True
2796052880,True
9403830749,True
4213399993,True
8118815904,True
6876160331,True
7822346032,True
8942885446,True
6928052908,True
9989630760,True
3361910783,True
4622719369,True
3894741879,True
7793833935,True
1312458001,True
5205972440,True
3105954204,True
1489985513,True
6915956608,True
6455941804,True
3392186171,True
5858673188,True
4029211978,True
5335859434,True
6783389742,True
7067047881,True
4759449319,True
9674499208,True
4540229046,True
3147028140,True
8777096838,True
2140345626,True
3530359938,True
6850089464,True
2351013897,True
2136784689,True
7477139336,True
7468466326,True
1989093354,True
8998692266,True
8840522232,True
9304463624,True
7462401436,True
5909997099,True
3401173913,True
6967537264,True
6376617046,True
2557908916,True
1745700011,True
5028416351,True
9619891741,True
4108703093,True
2441133721,True
5111919642,True
6654615704,True
2344563164,True
3217856065,True
1874761602,True
4036050526,True
2411000603,True
9481984517,True
4208219479,True
5728658997,True
5926110551,True
9449211656,True
7453006434,True
3011391038,True
2405014271,True
5220523806,True
5473911427,True
4529999569,True
4563065830,True
9215829954,True
1627650490,True
4932388848,True
5994743028,True
5094212254,True
4453028443,True
5262512998,True
6912216162,True
4038240992,True
2311264754,True
4546640600,True
3995274788,True
3865884393,True
6463259165,True
2733196402,True
1690911902,True
9190512963,True
5930637276,True
5459126438,True
7785535977,True
4579264385,True
5880416374,True
6296460923,True
2351947508,True
5911569977,True
3228246637,True
9387513584,True
6638680980,True
9315508367,True
6740454951,True
6888068399,True
4066473952,True
5859712530,True
9753766055,True
2997423542,True
6397168979,True
1941931527,True
4226324673,True
7540210239,True
4474648724,True
3531249815,True
4112011517,True
7120929539,True
4080811435,True
8125321755,True
9539158445,True
6253824632,True
3726130994,True
5521346600,True
5310387146,True
3906230705,True
7122442465,True
1861520870,True
4047146164,True
4032397558,True
9549562636,True
6522230421,True
7940901866,True
8843070171,True
6543971417,True
8545455837,True
7416575012,True
1314633452,True
4007212337,True
9344351268,True
8228092915,True
3507607889,True
6039217457,True
1285437024,True
7800987062,True
2080818087,True
3280525340,True
5874822066,True
8830105139,True
4684692751,True
5872028609,True
6816940727,True
1531042172,True
4875177166,True
6589718938,True
5938377222,True
9411014641,True
3731616458,True
1323308435,True
2717340646,True
1649432117,True
